{
    "loss": 7.489325523376465,
    "accuracy": 0.5314465165138245
}