{
    "loss": 3.929095983505249,
    "accuracy": 0.6918238997459412
}