{
    "loss": 20.831039428710938,
    "accuracy": 0.46855345368385315
}